{
  "fire_coordinates": [
    39.92,
    -8.15
  ],
  "era5_25km": 26.168,
  "xgboost_1km": 8.38145637512207,
  "ann_1km": 3.565827956330759,
  "ensemble_1km": 5.973642165726415
}